{
    "フェーズ": "実装・単テ",
    "システム": "システム１",
    "算出方法": "平均値",
    "コード行数_行": 2193.6153846154,
    "関数の数(WMC)_個": 60.7692307692,
    "McCabe循環複雑度_個": 43.1538461538,
    "静的解析器出力数_個": null,
    "単体テストケース密度(予定)_件/KLOC": 147.3799480857,
    "単体テストケース密度(実績)_件/KLOC": 131.0756002596,
    "コードレビュー指摘効率_件/人月": 1245.3783493719,
    "テスト仕様書レビュー指摘効率_件/人月": 45.0226609015,
    "ファイル数_個": null,
    "コード作成工数_人日": 1.1009949495,
    "コード行数作成工数比_行/人月": 177.1540178571,
    "ファイル数作成工数比_個/人月": 24.2205167961,
    "クラス数_個": null,
    "単体テストケース数(予定)_件": 52.5,
    "単体テストケース数(実績)_件": 44.3095238095,
    "C0カバレッジ_%": 1.0,
    "コードレビュー投下工数_時間": 1.6182291667,
    "コードレビュー指摘項目数_件": 2.9375,
    "テスト仕様書レビュー投下工数_時間": 0.6867777778,
    "テスト仕様書レビュー指摘項目数_件": 0.2555555556,
    "命令網羅(C0)_○(網羅率100%)の割合_%": 22.6804123711,
    "命令網羅(C0)_△(網羅率100%未満)の割合_%": 10.3092783505,
    "命令網羅(C0)_-(対象外)の割合_%": 8.2474226804,
    "分岐網羅(C1)_○(網羅率100%)の割合_%": 22.6804123711,
    "分岐網羅(C1)_△(網羅率100%未満)の割合_%": 10.3092783505,
    "分岐網羅(C1)_-(対象外)の割合_%": 8.2474226804
}
