{
    "フェーズ": "基本設計",
    "システム": "システム１",
    "算出方法": "平均値",
    "分類": "全体",
    "プロダクト指標(外形)_ページ数_(頁)": 26.1685393258,
    "プロダクト指標(外形)_文字数_(文字)": 32527.8414634146,
    "プロダクト指標(外形)_投下工数_(人月)": 0.1313405556,
    "プロダクト指標(外形)_生産性_(頁/人月)": 199.2418808886,
    "プロセス指標(レビュー)_回数_(回)": 1.9,
    "プロセス指標(レビュー)_投下工数_(人時)": 3.9116296296,
    "プロセス指標(レビュー)_指摘件数_(件)": 3.4222222222,
    "レビュー_工数比率_(%)": 0.2753052793,
    "成果物作成1人月あたり_回数_(回)": 204.8618794751,
    "成果物作成1人月あたり_投下工数_工数(人時)": 44.0488446923,
    "成果物作成1人月あたり_指摘件数_(件)": 64.527469822,
    "1,000文字あたり_回数_(回)": 5.5343885496,
    "1,000文字あたり_投下工数_工数(人時)": 4.6227140111,
    "1,000文字あたり_指摘件数_(件)": 14.1600386459,
    "1ページあたり_回数_(回)": 0.2324503373,
    "投下工数_工数(人時)": 0.226361335,
    "指摘件数_(件)": 0.3173690727,
    "レビュー1人月あたり_指摘件数_(件)": 258.8219305991
}
