{
    "フェーズ": "基本設計",
    "システム": "システム１",
    "算出方法": "中央値",
    "分類": "新規",
    "プロダクト指標(外形)_ページ数_(頁)": 24.0,
    "プロダクト指標(外形)_文字数_(文字)": 20701.0,
    "プロダクト指標(外形)_投下工数_(人月)": 0.041,
    "プロダクト指標(外形)_生産性_(頁/人月)": 585.3658536585,
    "プロセス指標(レビュー)_回数_(回)": 1.0,
    "プロセス指標(レビュー)_投下工数_(人時)": 0.6666666667,
    "プロセス指標(レビュー)_指摘件数_(件)": 0.0,
    "レビュー_工数比率_(%)": 0.1814291272,
    "成果物作成1人月あたり_回数_(回)": 39.6694214876,
    "成果物作成1人月あたり_投下工数_工数(人時)": 30.6322210365,
    "成果物作成1人月あたり_指摘件数_(件)": 0.7177844387,
    "1,000文字あたり_回数_(回)": 0.0956720764,
    "1,000文字あたり_投下工数_工数(人時)": 0.1065228875,
    "1,000文字あたり_指摘件数_(件)": 0.0948115101,
    "1ページあたり_回数_(回)": 0.0791562239,
    "投下工数_工数(人時)": 0.0590277778,
    "指摘件数_(件)": 0.0328205128,
    "レビュー1人月あたり_指摘件数_(件)": 75.1854103343
}
