{
    "フェーズ": "基本設計",
    "システム": "システム１",
    "算出方法": "中央値",
    "分類": "修正",
    "プロダクト指標(外形)_ページ数_(頁)": 0.0,
    "プロダクト指標(外形)_文字数_(文字)": 3.0,
    "プロダクト指標(外形)_投下工数_(人月)": 0.0065,
    "プロダクト指標(外形)_生産性_(頁/人月)": 0.0,
    "プロセス指標(レビュー)_回数_(回)": 1.0,
    "プロセス指標(レビュー)_投下工数_(人時)": 0.9666666667,
    "プロセス指標(レビュー)_指摘件数_(件)": 1.0,
    "レビュー_工数比率_(%)": 0.3628318584,
    "成果物作成1人月あたり_回数_(回)": 105.7268722467,
    "成果物作成1人月あたり_投下工数_工数(人時)": 58.0530973451,
    "成果物作成1人月あたり_指摘件数_(件)": 85.1612903226,
    "1,000文字あたり_回数_(回)": 7.4110671937,
    "1,000文字あたり_投下工数_工数(人時)": 3.3070776256,
    "1,000文字あたり_指摘件数_(件)": 11.7424242424,
    "1ページあたり_回数_(回)": 0.1583333333,
    "投下工数_工数(人時)": 0.1722222222,
    "指摘件数_(件)": 0.297826087,
    "レビュー1人月あたり_指摘件数_(件)": 160.0
}
