{
    "フェーズ": "基本設計",
    "システム": "システム２",
    "算出方法": "中央値",
    "分類": "全体",
    "プロダクト指標(外形)_ページ数_(頁)": 5.5,
    "プロダクト指標(外形)_文字数_(文字)": 1256.5,
    "プロダクト指標(外形)_投下工数_(人月)": 0.0125,
    "プロダクト指標(外形)_生産性_(頁/人月)": 440.0,
    "プロセス指標(レビュー)_回数_(回)": 1.0,
    "プロセス指標(レビュー)_投下工数_(人時)": 0.5,
    "プロセス指標(レビュー)_指摘件数_(件)": 0.5,
    "レビュー_工数比率_(%)": 0.2538062573,
    "成果物作成1人月あたり_回数_(回)": 67.5555555556,
    "成果物作成1人月あたり_投下工数_工数(人時)": 40.6090011712,
    "成果物作成1人月あたり_指摘件数_(件)": 22.8571428571,
    "1,000文字あたり_回数_(回)": 0.7972007563,
    "1,000文字あたり_投下工数_工数(人時)": 0.5536601728,
    "1,000文字あたり_指摘件数_(件)": 0.146113384,
    "1ページあたり_回数_(回)": 0.1833333333,
    "投下工数_工数(人時)": 0.0833333333,
    "指摘件数_(件)": 0.0833333333,
    "レビュー1人月あたり_指摘件数_(件)": 53.3333333333
}
