{
    "フェーズ": "基本設計",
    "システム": "システム２",
    "算出方法": "合計値",
    "分類": "全体",
    "プロダクト指標(外形)_ページ数_(頁)": 187.0,
    "プロダクト指標(外形)_文字数_(文字)": 40415.0,
    "プロダクト指標(外形)_投下工数_(人月)": 0.3765,
    "プロダクト指標(外形)_生産性_(頁/人月)": 496.6799468791,
    "プロセス指標(レビュー)_回数_(回)": 24.0,
    "プロセス指標(レビュー)_投下工数_(人時)": 16.24,
    "プロセス指標(レビュー)_指摘件数_(件)": 48.0,
    "レビュー_工数比率_(%)": 0.2123430962,
    "成果物作成1人月あたり_回数_(回)": 50.2092050209,
    "成果物作成1人月あたり_投下工数_工数(人時)": 33.9748953975,
    "成果物作成1人月あたり_指摘件数_(件)": 100.4184100418,
    "1,000文字あたり_回数_(回)": 0.5938389212,
    "1,000文字あたり_投下工数_工数(人時)": 0.4018310033,
    "1,000文字あたり_指摘件数_(件)": 1.1876778424,
    "1ページあたり_回数_(回)": 0.128342246,
    "投下工数_工数(人時)": 0.0868449198,
    "指摘件数_(件)": 0.256684492,
    "レビュー1人月あたり_指摘件数_(件)": 472.9064039409
}
