{
    "フェーズ": "基本設計",
    "システム": "システム１",
    "算出方法": "合計値",
    "分類": "全体",
    "プロダクト指標(外形)_ページ数_(頁)": 2329.0,
    "プロダクト指標(外形)_文字数_(文字)": 2667283.0,
    "プロダクト指標(外形)_投下工数_(人月)": 11.82065,
    "プロダクト指標(外形)_生産性_(頁/人月)": 197.0280822121,
    "プロセス指標(レビュー)_回数_(回)": 171.0,
    "プロセス指標(レビュー)_投下工数_(人時)": 352.0466666667,
    "プロセス指標(レビュー)_指摘件数_(件)": 308.0,
    "レビュー_工数比率_(%)": 0.1569289509,
    "成果物作成1人月あたり_回数_(回)": 12.1960424674,
    "成果物作成1人月あたり_投下工数_工数(人時)": 25.1086321473,
    "成果物作成1人月あたり_指摘件数_(件)": 21.9671408185,
    "1,000文字あたり_回数_(回)": 0.0641101825,
    "1,000文字あたり_投下工数_工数(人時)": 0.1319869945,
    "1,000文字あたり_指摘件数_(件)": 0.1154733112,
    "1ページあたり_回数_(回)": 0.0734220696,
    "投下工数_工数(人時)": 0.1511578646,
    "指摘件数_(件)": 0.132245599,
    "レビュー1人月あたり_指摘件数_(件)": 139.9814418543
}
