{
    "フェーズ": "基本設計",
    "システム": "システム２",
    "算出方法": "平均値",
    "分類": "修正",
    "プロダクト指標(外形)_ページ数_(頁)": 8.5,
    "プロダクト指標(外形)_文字数_(文字)": 1837.0454545455,
    "プロダクト指標(外形)_投下工数_(人月)": 0.0171136364,
    "プロダクト指標(外形)_生産性_(頁/人月)": 496.6799468791,
    "プロセス指標(レビュー)_回数_(回)": 1.0909090909,
    "プロセス指標(レビュー)_投下工数_(人時)": 0.7381818182,
    "プロセス指標(レビュー)_指摘件数_(件)": 2.1818181818,
    "レビュー_工数比率_(%)": 0.2372090571,
    "成果物作成1人月あたり_回数_(回)": 76.4678215824,
    "成果物作成1人月あたり_投下工数_工数(人時)": 37.9534491321,
    "成果物作成1人月あたり_指摘件数_(件)": 79.5735171498,
    "1,000文字あたり_回数_(回)": 1.6114869923,
    "1,000文字あたり_投下工数_工数(人時)": 0.7215942877,
    "1,000文字あたり_指摘件数_(件)": 1.9392831177,
    "1ページあたり_回数_(回)": 0.313865932,
    "投下工数_工数(人時)": 0.151079775,
    "指摘件数_(件)": 0.2248852158,
    "レビュー1人月あたり_指摘件数_(件)": 335.1448551449
}
