{
    "フェーズ": "基本設計",
    "システム": "システム５",
    "算出方法": "中央値",
    "分類": "新規",
    "プロダクト指標(外形)_ページ数_(頁)": 8.5,
    "プロダクト指標(外形)_文字数_(文字)": 1857.5,
    "プロダクト指標(外形)_投下工数_(人月)": 0.03,
    "プロダクト指標(外形)_生産性_(頁/人月)": 283.3333333333,
    "プロセス指標(レビュー)_回数_(回)": 1.0,
    "プロセス指標(レビュー)_投下工数_(人時)": 0.495,
    "プロセス指標(レビュー)_指摘件数_(件)": 1.0,
    "レビュー_工数比率_(%)": 0.1235984635,
    "成果物作成1人月あたり_回数_(回)": 50.6886524908,
    "成果物作成1人月あたり_投下工数_工数(人時)": 19.7757541672,
    "成果物作成1人月あたり_指摘件数_(件)": 50.6886524908,
    "1,000文字あたり_回数_(回)": 0.8270994746,
    "1,000文字あたり_投下工数_工数(人時)": 0.3287803901,
    "1,000文字あたり_指摘件数_(件)": 0.8270994746,
    "1ページあたり_回数_(回)": 0.1287878788,
    "投下工数_工数(人時)": 0.0575,
    "指摘件数_(件)": 0.1287878788,
    "レビュー1人月あたり_指摘件数_(件)": 363.6363636364
}
