{
    "フェーズ": "基本設計",
    "システム": "システム５",
    "算出方法": "平均値",
    "分類": "全体",
    "プロダクト指標(外形)_ページ数_(頁)": 16.5,
    "プロダクト指標(外形)_文字数_(文字)": 14184.0,
    "プロダクト指標(外形)_投下工数_(人月)": 0.1025,
    "プロダクト指標(外形)_生産性_(頁/人月)": 160.9756097561,
    "プロセス指標(レビュー)_回数_(回)": 1.0,
    "プロセス指標(レビュー)_投下工数_(人時)": 0.6225,
    "プロセス指標(レビュー)_指摘件数_(件)": 0.75,
    "レビュー_工数比率_(%)": 0.0754725503,
    "成果物作成1人月あたり_回数_(回)": 28.7441784257,
    "成果物作成1人月あたり_投下工数_工数(人時)": 12.0756080518,
    "成果物作成1人月あたり_指摘件数_(件)": 27.7685686696,
    "1,000文字あたり_回数_(回)": 0.4731544422,
    "1,000文字あたり_投下工数_工数(人時)": 0.1967736456,
    "1,000文字あたり_指摘件数_(件)": 0.467992246,
    "1ページあたり_回数_(回)": 0.0937001595,
    "投下工数_工数(人時)": 0.0466925837,
    "指摘件数_(件)": 0.0871212121,
    "レビュー1人月あたり_指摘件数_(件)": 261.8181818182
}
