{
    "フェーズ": "基本設計",
    "システム": "システム５",
    "算出方法": "合計値",
    "分類": "修正",
    "プロダクト指標(外形)_ページ数_(頁)": 49.0,
    "プロダクト指標(外形)_文字数_(文字)": 53021.0,
    "プロダクト指標(外形)_投下工数_(人月)": 0.35,
    "プロダクト指標(外形)_生産性_(頁/人月)": 140.0,
    "プロセス指標(レビュー)_回数_(回)": 2.0,
    "プロセス指標(レビュー)_投下工数_(人時)": 1.5,
    "プロセス指標(レビュー)_指摘件数_(件)": 1.0,
    "レビュー_工数比率_(%)": 0.0260869565,
    "成果物作成1人月あたり_回数_(回)": 5.5652173913,
    "成果物作成1人月あたり_投下工数_工数(人時)": 4.1739130435,
    "成果物作成1人月あたり_指摘件数_(件)": 2.7826086957,
    "1,000文字あたり_回数_(回)": 0.037720903,
    "1,000文字あたり_投下工数_工数(人時)": 0.0282906773,
    "1,000文字あたり_指摘件数_(件)": 0.0188604515,
    "1ページあたり_回数_(回)": 0.0408163265,
    "投下工数_工数(人時)": 0.0306122449,
    "指摘件数_(件)": 0.0204081633,
    "レビュー1人月あたり_指摘件数_(件)": 106.6666666667
}
