{
    "フェーズ": "基本設計",
    "システム": "システム１",
    "算出方法": "中央値",
    "分類": "全体",
    "プロダクト指標(外形)_ページ数_(頁)": 15.0,
    "プロダクト指標(外形)_文字数_(文字)": 14930.5,
    "プロダクト指標(外形)_投下工数_(人月)": 0.025,
    "プロダクト指標(外形)_生産性_(頁/人月)": 600.0,
    "プロセス指標(レビュー)_回数_(回)": 1.0,
    "プロセス指標(レビュー)_投下工数_(人時)": 0.8833333333,
    "プロセス指標(レビュー)_指摘件数_(件)": 1.0,
    "レビュー_工数比率_(%)": 0.2427184466,
    "成果物作成1人月あたり_回数_(回)": 50.9734513274,
    "成果物作成1人月あたり_投下工数_工数(人時)": 38.8349514563,
    "成果物作成1人月あたり_指摘件数_(件)": 16.5784020262,
    "1,000文字あたり_回数_(回)": 0.1574677929,
    "1,000文字あたり_投下工数_工数(人時)": 0.1637660341,
    "1,000文字あたり_指摘件数_(件)": 0.1772290316,
    "1ページあたり_回数_(回)": 0.0791562239,
    "投下工数_工数(人時)": 0.0677083333,
    "指摘件数_(件)": 0.0427272727,
    "レビュー1人月あたり_指摘件数_(件)": 102.8571428571
}
