{
    "フェーズ": "基本設計",
    "システム": "システム１",
    "算出方法": "平均値",
    "分類": "新規",
    "プロダクト指標(外形)_ページ数_(頁)": 34.7049180328,
    "プロダクト指標(外形)_文字数_(文字)": 47216.4814814815,
    "プロダクト指標(外形)_投下工数_(人月)": 0.1866008197,
    "プロダクト指標(外形)_生産性_(頁/人月)": 185.9848102155,
    "プロセス指標(レビュー)_回数_(回)": 2.1475409836,
    "プロセス指標(レビュー)_投下工数_(人時)": 5.2066120219,
    "プロセス指標(レビュー)_指摘件数_(件)": 4.2131147541,
    "レビュー_工数比率_(%)": 0.1955187044,
    "成果物作成1人月あたり_回数_(回)": 188.6518094351,
    "成果物作成1人月あたり_投下工数_工数(人時)": 31.2829926965,
    "成果物作成1人月あたり_指摘件数_(件)": 28.0021148049,
    "1,000文字あたり_回数_(回)": 0.1803878946,
    "1,000文字あたり_投下工数_工数(人時)": 0.4512089699,
    "1,000文字あたり_指摘件数_(件)": 0.3323076711,
    "1ページあたり_回数_(回)": 0.2148159573,
    "投下工数_工数(人時)": 0.1986652822,
    "指摘件数_(件)": 0.1962187121,
    "レビュー1人月あたり_指摘件数_(件)": 206.2519616619
}
