{
    "フェーズ": "基本設計",
    "システム": "システム５",
    "算出方法": "平均値",
    "分類": "修正",
    "プロダクト指標(外形)_ページ数_(頁)": 24.5,
    "プロダクト指標(外形)_文字数_(文字)": 26510.5,
    "プロダクト指標(外形)_投下工数_(人月)": 0.175,
    "プロダクト指標(外形)_生産性_(頁/人月)": 140.0,
    "プロセス指標(レビュー)_回数_(回)": 1.0,
    "プロセス指標(レビュー)_投下工数_(人時)": 0.75,
    "プロセス指標(レビュー)_指摘件数_(件)": 0.5,
    "レビュー_工数比率_(%)": 0.0273466371,
    "成果物作成1人月あたり_回数_(回)": 6.7997043607,
    "成果物作成1人月あたり_投下工数_工数(人時)": 4.3754619364,
    "成果物作成1人月あたり_指摘件数_(件)": 4.8484848485,
    "1,000文字あたり_回数_(回)": 0.1192094098,
    "1,000文字あたり_投下工数_工数(人時)": 0.0647669011,
    "1,000文字あたり_指摘件数_(件)": 0.1088850174,
    "1ページあたり_回数_(回)": 0.0586124402,
    "投下工数_工数(人時)": 0.0358851675,
    "指摘件数_(件)": 0.0454545455,
    "レビュー1人月あたり_指摘件数_(件)": 160.0
}
