{
    "フェーズ": "基本設計",
    "システム": "システム５",
    "算出方法": "合計値",
    "分類": "全体",
    "プロダクト指標(外形)_ページ数_(頁)": 66.0,
    "プロダクト指標(外形)_文字数_(文字)": 56736.0,
    "プロダクト指標(外形)_投下工数_(人月)": 0.41,
    "プロダクト指標(外形)_生産性_(頁/人月)": 160.9756097561,
    "プロセス指標(レビュー)_回数_(回)": 4.0,
    "プロセス指標(レビュー)_投下工数_(人時)": 2.49,
    "プロセス指標(レビュー)_指摘件数_(件)": 3.0,
    "レビュー_工数比率_(%)": 0.0365692466,
    "成果物作成1人月あたり_回数_(回)": 9.3993244236,
    "成果物作成1人月あたり_投下工数_工数(人時)": 5.8510794537,
    "成果物作成1人月あたり_指摘件数_(件)": 7.0494933177,
    "1,000文字あたり_回数_(回)": 0.0705019741,
    "1,000文字あたり_投下工数_工数(人時)": 0.0438874788,
    "1,000文字あたり_指摘件数_(件)": 0.0528764805,
    "1ページあたり_回数_(回)": 0.0606060606,
    "投下工数_工数(人時)": 0.0377272727,
    "指摘件数_(件)": 0.0454545455,
    "レビュー1人月あたり_指摘件数_(件)": 192.7710843373
}
