{
    "フェーズ": "基本設計",
    "システム": "システム５",
    "算出方法": "合計値",
    "分類": "新規",
    "プロダクト指標(外形)_ページ数_(頁)": 17.0,
    "プロダクト指標(外形)_文字数_(文字)": 3715.0,
    "プロダクト指標(外形)_投下工数_(人月)": 0.06,
    "プロダクト指標(外形)_生産性_(頁/人月)": 283.3333333333,
    "プロセス指標(レビュー)_回数_(回)": 2.0,
    "プロセス指標(レビュー)_投下工数_(人時)": 0.99,
    "プロセス指標(レビュー)_指摘件数_(件)": 2.0,
    "レビュー_工数比率_(%)": 0.0934844193,
    "成果物作成1人月あたり_回数_(回)": 30.2171860246,
    "成果物作成1人月あたり_投下工数_工数(人時)": 14.9575070822,
    "成果物作成1人月あたり_指摘件数_(件)": 30.2171860246,
    "1,000文字あたり_回数_(回)": 0.5383580081,
    "1,000文字あたり_投下工数_工数(人時)": 0.266487214,
    "1,000文字あたり_指摘件数_(件)": 0.5383580081,
    "1ページあたり_回数_(回)": 0.1176470588,
    "投下工数_工数(人時)": 0.0582352941,
    "指摘件数_(件)": 0.1176470588,
    "レビュー1人月あたり_指摘件数_(件)": 323.2323232323
}
