{
    "フェーズ": "基本設計",
    "システム": "システム１",
    "算出方法": "合計値",
    "分類": "新規",
    "プロダクト指標(外形)_ページ数_(頁)": 2117.0,
    "プロダクト指標(外形)_文字数_(文字)": 2549690.0,
    "プロダクト指標(外形)_投下工数_(人月)": 11.38265,
    "プロダクト指標(外形)_生産性_(頁/人月)": 185.9848102155,
    "プロセス指標(レビュー)_回数_(回)": 131.0,
    "プロセス指標(レビュー)_投下工数_(人時)": 317.6033333333,
    "プロセス指標(レビュー)_指摘件数_(件)": 257.0,
    "レビュー_工数比率_(%)": 0.1484941437,
    "成果物作成1人月あたり_回数_(回)": 9.799762549,
    "成果物作成1人月あたり_投下工数_工数(人時)": 23.7590629881,
    "成果物作成1人月あたり_指摘件数_(件)": 19.2254883595,
    "1,000文字あたり_回数_(回)": 0.0513787951,
    "1,000文字あたり_投下工数_工数(人時)": 0.1245654701,
    "1,000文字あたり_指摘件数_(件)": 0.1007965674,
    "1ページあたり_回数_(回)": 0.0618800189,
    "投下工数_工数(人時)": 0.1500251929,
    "指摘件数_(件)": 0.121398205,
    "レビュー1人月あたり_指摘件数_(件)": 129.4696739119
}
