{
    "フェーズ": "基本設計",
    "システム": "システム１",
    "算出方法": "合計値",
    "分類": "修正",
    "プロダクト指標(外形)_ページ数_(頁)": 212.0,
    "プロダクト指標(外形)_文字数_(文字)": 117593.0,
    "プロダクト指標(外形)_投下工数_(人月)": 0.438,
    "プロダクト指標(外形)_生産性_(頁/人月)": 484.0182648402,
    "プロセス指標(レビュー)_回数_(回)": 40.0,
    "プロセス指標(レビュー)_投下工数_(人時)": 34.4433333333,
    "プロセス指標(レビュー)_指摘件数_(件)": 51.0,
    "レビュー_工数比率_(%)": 0.3295276972,
    "成果物作成1人月あたり_回数_(回)": 61.2303472909,
    "成果物作成1人月あたり_投下工数_工数(人時)": 52.7244315464,
    "成果物作成1人月あたり_指摘件数_(件)": 78.0686927959,
    "1,000文字あたり_回数_(回)": 0.3401563018,
    "1,000文字あたり_投下工数_工数(人時)": 0.2929029222,
    "1,000文字あたり_指摘件数_(件)": 0.4336992848,
    "1ページあたり_回数_(回)": 0.1886792453,
    "投下工数_工数(人時)": 0.1624685535,
    "指摘件数_(件)": 0.2405660377,
    "レビュー1人月あたり_指摘件数_(件)": 236.9108680925
}
