{
    "フェーズ": "基本設計",
    "システム": "システム１",
    "算出方法": "平均値",
    "分類": "修正",
    "プロダクト指標(外形)_ページ数_(頁)": 7.5714285714,
    "プロダクト指標(外形)_文字数_(文字)": 4199.75,
    "プロダクト指標(外形)_投下工数_(人月)": 0.0151034483,
    "プロダクト指標(外形)_生産性_(頁/人月)": 501.3046314416,
    "プロセス指標(レビュー)_回数_(回)": 1.3793103448,
    "プロセス指標(レビュー)_投下工数_(人時)": 1.1877011494,
    "プロセス指標(レビュー)_指摘件数_(件)": 1.7586206897,
    "レビュー_工数比率_(%)": 0.4403809517,
    "成果物作成1人月あたり_回数_(回)": 238.3999554197,
    "成果物作成1人月あたり_投下工数_工数(人時)": 70.4609522698,
    "成果物作成1人月あたり_指摘件数_(件)": 140.0971698575,
    "1,000文字あたり_回数_(回)": 23.8909622238,
    "1,000文字あたり_投下工数_工数(人時)": 18.9250170097,
    "1,000文字あたり_指摘件数_(件)": 61.5694019878,
    "1ページあたり_回数_(回)": 0.3970378846,
    "投下工数_工数(人時)": 0.4848578269,
    "指摘件数_(件)": 1.4481057717,
    "レビュー1人月あたり_指摘件数_(件)": 345.834292978
}
