{
    "フェーズ": "基本設計",
    "システム": "システム５",
    "算出方法": "中央値",
    "分類": "全体",
    "プロダクト指標(外形)_ページ数_(頁)": 11.0,
    "プロダクト指標(外形)_文字数_(文字)": 3773.5,
    "プロダクト指標(外形)_投下工数_(人月)": 0.075,
    "プロダクト指標(外形)_生産性_(頁/人月)": 146.6666666667,
    "プロセス指標(レビュー)_回数_(回)": 1.0,
    "プロセス指標(レビュー)_投下工数_(人時)": 0.58,
    "プロセス指標(レビュー)_指摘件数_(件)": 1.0,
    "レビュー_工数比率_(%)": 0.0532577507,
    "成果物作成1人月あたり_回数_(回)": 14.0863601372,
    "成果物作成1人月あたり_投下工数_工数(人時)": 8.5212401148,
    "成果物作成1人月あたり_指摘件数_(件)": 14.0863601372,
    "1,000文字あたり_回数_(回)": 0.2780897552,
    "1,000文字あたり_投下工数_工数(人時)": 0.1661176356,
    "1,000文字あたり_指摘件数_(件)": 0.2780897552,
    "1ページあたり_回数_(回)": 0.0909090909,
    "投下工数_工数(人時)": 0.0502272727,
    "指摘件数_(件)": 0.0909090909,
    "レビュー1人月あたり_指摘件数_(件)": 281.2121212121
}
