{
    "フェーズ": "ST",
    "システム": "システム１",
    "算出方法": "平均値",
    "テスト仕様書_テストケース数_(予定)": 138.0,
    "テスト仕様書_テストケース数_(実績)": 138.0,
    "テスト仕様書_作成工数_(人日)": 0.8333333333,
    "テスト仕様書_ページ数_(ページ)": 22.1153846154,
    "テスト仕様書_文字数_(文字)": 8686.5769230769,
    "テスト仕様書/テスト結果(成績表)レビュー_レビュー指摘効率": 28.2184034678,
    "テスト仕様書/テスト結果(成績表)レビュー_合計_回数": 1.696969697,
    "テスト仕様書/テスト結果(成績表)レビュー_合計_時間": 3.4196969697,
    "テスト仕様書/テスト結果(成績表)レビュー_合計_指摘数": 4.1212121212,
    "コード行数": 40765.0,
    "テストケース密度_密度": 9.1500061327,
    "不具合密度_密度": 0.2698393229,
    "不具合密度_件数": 11
}
