{
    "フェーズ": "要件定義",
    "システム": "システム２",
    "算出方法": "平均値",
    "分類": "新規",
    "プロダクト指標(外形)_ページ数_(頁)": 7.6666666667,
    "プロダクト指標(外形)_文字数_(文字)": 4245.3333333333,
    "プロダクト指標(外形)_投下工数_(人月)": 0.0666666667,
    "プロダクト指標(外形)_生産性_(頁/人月)": 115.0,
    "プロセス指標(レビュー)_回数_(回)": 1.0,
    "プロセス指標(レビュー)_投下工数_(人時)": 1.6666666667,
    "プロセス指標(レビュー)_指摘件数_(件)": 0.0,
    "レビュー_工数比率_(%)": 0.1407407407,
    "1,000文字あたり_回数_(回)": 0.2421285862,
    "1,000文字あたり_投下工数_工数(人時)": 0.4005681607,
    "1,000文字あたり_指摘件数_(件)": 0.0,
    "1ページあたり_回数_(回)": 0.4619883041,
    "1ページあたり_投下工数_工数(人時)": 0.8128654971,
    "1ページあたり_指摘件数_(件)": 0.0,
    "成果物作成1人月あたり_回数_(回)": 14.2222222222,
    "成果物作成1人月あたり_投下工数_工数(人時)": 22.5185185185,
    "成果物作成1人月あたり_指摘件数_(件)": 0.0,
    "レビュー1時間あたり_指摘件数_(件)": 0.0
}
