{
    "フェーズ": "要件定義",
    "システム": "システム１",
    "算出方法": "合計値",
    "分類": "全体",
    "プロダクト指標(外形)_ページ数_(頁)": 3355.0,
    "プロダクト指標(外形)_文字数_(文字)": 3872771.0,
    "プロダクト指標(外形)_投下工数_(人月)": 59.2925,
    "プロダクト指標(外形)_生産性_(頁/人月)": 56.583884977,
    "プロセス指標(レビュー)_回数_(回)": 242.0,
    "プロセス指標(レビュー)_投下工数_(人時)": 771.445,
    "プロセス指標(レビュー)_指摘件数_(件)": 781.0,
    "レビュー_工数比率_(%)": 0.0752024347,
    "1,000文字あたり_回数_(回)": 0.0624875574,
    "1,000文字あたり_投下工数_工数(人時)": 0.199197164,
    "1,000文字あたり_指摘件数_(件)": 0.2016643897,
    "1ページあたり_回数_(回)": 0.0721311475,
    "1ページあたり_投下工数_工数(人時)": 0.2299388972,
    "1ページあたり_指摘件数_(件)": 0.2327868852,
    "成果物作成1人月あたり_回数_(回)": 3.7745247847,
    "成果物作成1人月あたり_投下工数_工数(人時)": 12.0323895559,
    "成果物作成1人月あたり_指摘件数_(件)": 12.1814208961,
    "レビュー1時間あたり_指摘件数_(件)": 1.0123858473
}
