{
    "フェーズ": "要件定義",
    "システム": "システム１",
    "算出方法": "合計値",
    "分類": "新規",
    "プロダクト指標(外形)_ページ数_(頁)": 3258.0,
    "プロダクト指標(外形)_文字数_(文字)": 3825918.0,
    "プロダクト指標(外形)_投下工数_(人月)": 58.2925,
    "プロダクト指標(外形)_生産性_(頁/人月)": 55.8905519578,
    "プロセス指標(レビュー)_回数_(回)": 238.0,
    "プロセス指標(レビュー)_投下工数_(人時)": 768.945,
    "プロセス指標(レビュー)_指摘件数_(件)": 781.0,
    "レビュー_工数比率_(%)": 0.0761652558,
    "1,000文字あたり_回数_(回)": 0.0622072925,
    "1,000文字あたり_投下工数_工数(人時)": 0.2009831366,
    "1,000文字あたり_指摘件数_(件)": 0.2041340144,
    "1ページあたり_回数_(回)": 0.0730509515,
    "1ページあたり_投下工数_工数(人時)": 0.2360174954,
    "1ページあたり_指摘件数_(件)": 0.2397176182,
    "成果物作成1人月あたり_回数_(回)": 3.7718860768,
    "成果物作成1人月あたり_投下工数_工数(人時)": 12.1864409214,
    "成果物作成1人月あたり_指摘件数_(件)": 12.3774917057,
    "レビュー1時間あたり_指摘件数_(件)": 1.0156773241
}
