{
    "フェーズ": "要件定義",
    "システム": "システム１",
    "算出方法": "中央値",
    "分類": "新規",
    "プロダクト指標(外形)_ページ数_(頁)": 11.5,
    "プロダクト指標(外形)_文字数_(文字)": 4540.5,
    "プロダクト指標(外形)_投下工数_(人月)": 0.09225,
    "プロダクト指標(外形)_生産性_(頁/人月)": 124.6612466125,
    "プロセス指標(レビュー)_回数_(回)": 1.0,
    "プロセス指標(レビュー)_投下工数_(人時)": 3.7083333333,
    "プロセス指標(レビュー)_指摘件数_(件)": 4.0,
    "レビュー_工数比率_(%)": 0.2564942181,
    "1,000文字あたり_回数_(回)": 0.4452191197,
    "1,000文字あたり_投下工数_工数(人時)": 1.0872455461,
    "1,000文字あたり_指摘件数_(件)": 0.5583403382,
    "1ページあたり_回数_(回)": 0.1666666667,
    "1ページあたり_投下工数_工数(人時)": 0.3065185185,
    "1ページあたり_指摘件数_(件)": 0.1666666667,
    "成果物作成1人月あたり_回数_(回)": 18.4705022042,
    "成果物作成1人月あたり_投下工数_工数(人時)": 41.0390748931,
    "成果物作成1人月あたり_指摘件数_(件)": 35.2189074002,
    "レビュー1時間あたり_指摘件数_(件)": 0.8571428571
}
