{
    "フェーズ": "要件定義",
    "システム": "システム５",
    "算出方法": "平均値",
    "分類": "新規",
    "プロダクト指標(外形)_ページ数_(頁)": 5.3333333333,
    "プロダクト指標(外形)_文字数_(文字)": 7082.6666666667,
    "プロダクト指標(外形)_投下工数_(人月)": 0.3066666667,
    "プロダクト指標(外形)_生産性_(頁/人月)": 17.3913043478,
    "プロセス指標(レビュー)_回数_(回)": 2.3333333333,
    "プロセス指標(レビュー)_投下工数_(人時)": 1.3333333333,
    "プロセス指標(レビュー)_指摘件数_(件)": 1.6666666667,
    "レビュー_工数比率_(%)": 0.0458452275,
    "1,000文字あたり_回数_(回)": 0.5483688597,
    "1,000文字あたり_投下工数_工数(人時)": 0.25937631,
    "1,000文字あたり_指摘件数_(件)": 0.4718254051,
    "1ページあたり_回数_(回)": 0.75,
    "1ページあたり_投下工数_工数(人時)": 0.3194444444,
    "1ページあたり_指摘件数_(件)": 0.5555555556,
    "成果物作成1人月あたり_回数_(回)": 16.9591464271,
    "成果物作成1人月あたり_投下工数_工数(人時)": 7.3352364016,
    "成果物作成1人月あたり_指摘件数_(件)": 10.2603459841,
    "レビュー1時間あたり_指摘件数_(件)": 1.2666666667
}
