{
    "フェーズ": "要件定義",
    "システム": "システム１",
    "算出方法": "平均値",
    "分類": "全体",
    "プロダクト指標(外形)_ページ数_(頁)": 25.8076923077,
    "プロダクト指標(外形)_文字数_(文字)": 29790.5461538462,
    "プロダクト指標(外形)_投下工数_(人月)": 0.4560961538,
    "プロダクト指標(外形)_生産性_(頁/人月)": 56.583884977,
    "プロセス指標(レビュー)_回数_(回)": 1.8615384615,
    "プロセス指標(レビュー)_投下工数_(人時)": 5.9341923077,
    "プロセス指標(レビュー)_指摘件数_(件)": 6.0076923077,
    "レビュー_工数比率_(%)": 0.2829689098,
    "1,000文字あたり_回数_(回)": 4.2321357278,
    "1,000文字あたり_投下工数_工数(人時)": 5.273409087,
    "1,000文字あたり_指摘件数_(件)": 5.0808059996,
    "1ページあたり_回数_(回)": 0.2715434414,
    "1ページあたり_投下工数_工数(人時)": 0.7420713987,
    "1ページあたり_指摘件数_(件)": 0.7282825546,
    "成果物作成1人月あたり_回数_(回)": 29.8458535506,
    "成果物作成1人月あたり_投下工数_工数(人時)": 45.2750255612,
    "成果物作成1人月あたり_指摘件数_(件)": 44.7787472097,
    "レビュー1時間あたり_指摘件数_(件)": 1.0707233182
}
