{
    "フェーズ": "詳細設計",
    "システム": "システム１",
    "算出方法": "合計値",
    "分類": "新規",
    "プロダクト指標(外形)_ページ数_(頁)": 758.0,
    "プロダクト指標(外形)_文字数_(文字)": 616783.0,
    "プロダクト指標(外形)_投下工数_(人月)": 3.3108333333,
    "プロダクト指標(外形)_生産性_(頁/人月)": 228.9453813239,
    "プロセス指標(レビュー)_回数_(回)": 83.0,
    "プロセス指標(レビュー)_投下工数_(人時)": 196.4233333333,
    "プロセス指標(レビュー)_指摘件数_(件)": 136.0,
    "レビュー_工数比率_(%)": 0.2704971838,
    "成果物作成1人月あたり_回数_(回)": 18.2880645591,
    "成果物作成1人月あたり_投下工数_工数(人時)": 43.2795494085,
    "成果物作成1人月あたり_指摘件数_(件)": 29.9659853016,
    "1,000文字あたり_回数_(回)": 0.1345692083,
    "1,000文字あたり_投下工数_工数(人時)": 0.3184642465,
    "1,000文字あたり_指摘件数_(件)": 0.2204989437,
    "1ページあたり_回数_(回)": 0.1094986807,
    "投下工数_工数(人時)": 0.2591336851,
    "指摘件数_(件)": 0.1794195251,
    "レビュー1人月あたり_指摘件数_(件)": 110.7811359818
}
