{
    "フェーズ": "詳細設計",
    "システム": "システム１",
    "算出方法": "合計値",
    "分類": "全体",
    "プロダクト指標(外形)_ページ数_(頁)": 758.0,
    "プロダクト指標(外形)_文字数_(文字)": 617883.0,
    "プロダクト指標(外形)_投下工数_(人月)": 3.3438333333,
    "プロダクト指標(外形)_生産性_(頁/人月)": 226.6859392912,
    "プロセス指標(レビュー)_回数_(回)": 94.0,
    "プロセス指標(レビュー)_投下工数_(人時)": 197.4233333333,
    "プロセス指標(レビュー)_指摘件数_(件)": 136.0,
    "レビュー_工数比率_(%)": 0.2695432142,
    "成果物作成1人月あたり_回数_(回)": 20.5341986338,
    "成果物作成1人月あたり_投下工数_工数(人時)": 43.1269142725,
    "成果物作成1人月あたり_指摘件数_(件)": 29.7090533425,
    "1,000文字あたり_回数_(回)": 0.1521323616,
    "1,000文字あたり_投下工数_工数(人時)": 0.3195157228,
    "1,000文字あたり_指摘件数_(件)": 0.2201063955,
    "1ページあたり_回数_(回)": 0.1240105541,
    "投下工数_工数(人時)": 0.2604529464,
    "指摘件数_(件)": 0.1794195251,
    "レビュー1人月あたり_指摘件数_(件)": 110.2200010131
}
