{
    "フェーズ": "詳細設計",
    "システム": "システム５",
    "算出方法": "平均値",
    "分類": "修正",
    "プロダクト指標(外形)_ページ数_(頁)": 481.6923076923,
    "プロダクト指標(外形)_文字数_(文字)": 184070.2307692308,
    "プロダクト指標(外形)_投下工数_(人月)": 0.14,
    "プロダクト指標(外形)_生産性_(頁/人月)": 3440.6593406593,
    "プロセス指標(レビュー)_回数_(回)": 1.0,
    "プロセス指標(レビュー)_投下工数_(人時)": 0.2633333333,
    "プロセス指標(レビュー)_指摘件数_(件)": 0.5333333333,
    "レビュー_工数比率_(%)": 0.1959727977,
    "成果物作成1人月あたり_回数_(回)": 132.6635160382,
    "成果物作成1人月あたり_投下工数_工数(人時)": 31.3556476384,
    "成果物作成1人月あたり_指摘件数_(件)": 90.6740980487,
    "1,000文字あたり_回数_(回)": 0.0835162015,
    "1,000文字あたり_投下工数_工数(人時)": 0.0564785711,
    "1,000文字あたり_指摘件数_(件)": 0.0546540936,
    "1ページあたり_回数_(回)": 0.2100777942,
    "投下工数_工数(人時)": 0.1023534212,
    "指摘件数_(件)": 0.080562301,
    "レビュー1人月あたり_指摘件数_(件)": 336.0
}
