{
    "フェーズ": "詳細設計",
    "システム": "システム５",
    "算出方法": "合計値",
    "分類": "修正",
    "プロダクト指標(外形)_ページ数_(頁)": 6262.0,
    "プロダクト指標(外形)_文字数_(文字)": 2392913.0,
    "プロダクト指標(外形)_投下工数_(人月)": 1.82,
    "プロダクト指標(外形)_生産性_(頁/人月)": 3440.6593406593,
    "プロセス指標(レビュー)_回数_(回)": 15.0,
    "プロセス指標(レビュー)_投下工数_(人時)": 3.95,
    "プロセス指標(レビュー)_指摘件数_(件)": 8.0,
    "レビュー_工数比率_(%)": 0.0133830256,
    "成果物作成1人月あたり_回数_(回)": 8.1314585804,
    "成果物作成1人月あたり_投下工数_工数(人時)": 2.1412840928,
    "成果物作成1人月あたり_指摘件数_(件)": 4.3367779095,
    "1,000文字あたり_回数_(回)": 0.0062685104,
    "1,000文字あたり_投下工数_工数(人時)": 0.0016507077,
    "1,000文字あたり_指摘件数_(件)": 0.0033432055,
    "1ページあたり_回数_(回)": 0.0023954008,
    "投下工数_工数(人時)": 0.0006307889,
    "指摘件数_(件)": 0.0012775471,
    "レビュー1人月あたり_指摘件数_(件)": 324.0506329114
}
