{
    "フェーズ": "詳細設計",
    "システム": "システム１",
    "算出方法": "平均値",
    "分類": "新規",
    "プロダクト指標(外形)_ページ数_(頁)": 13.298245614,
    "プロダクト指標(外形)_文字数_(文字)": 10820.7543859649,
    "プロダクト指標(外形)_投下工数_(人月)": 0.0517317708,
    "プロダクト指標(外形)_生産性_(頁/人月)": 257.0614807848,
    "プロセス指標(レビュー)_回数_(回)": 1.296875,
    "プロセス指標(レビュー)_投下工数_(人時)": 3.0691145833,
    "プロセス指標(レビュー)_指摘件数_(件)": 2.125,
    "レビュー_工数比率_(%)": 0.233405542,
    "成果物作成1人月あたり_回数_(回)": 89.3070106629,
    "成果物作成1人月あたり_投下工数_工数(人時)": 37.3448867174,
    "成果物作成1人月あたり_指摘件数_(件)": 48.8009857802,
    "1,000文字あたり_回数_(回)": 0.3314267973,
    "1,000文字あたり_投下工数_工数(人時)": 0.377665842,
    "1,000文字あたり_指摘件数_(件)": 0.2751147836,
    "1ページあたり_回数_(回)": 0.122584507,
    "投下工数_工数(人時)": 0.1793916569,
    "指摘件数_(件)": 0.1597861159,
    "レビュー1人月あたり_指摘件数_(件)": 177.6757263249
}
