{
    "フェーズ": "詳細設計",
    "システム": "システム１",
    "算出方法": "平均値",
    "分類": "全体",
    "プロダクト指標(外形)_ページ数_(頁)": 11.1470588235,
    "プロダクト指標(外形)_文字数_(文字)": 9086.5147058824,
    "プロダクト指標(外形)_投下工数_(人月)": 0.0445844444,
    "プロダクト指標(外形)_生産性_(頁/人月)": 250.0212565712,
    "プロセス指標(レビュー)_回数_(回)": 1.2533333333,
    "プロセス指標(レビュー)_投下工数_(人時)": 2.6323111111,
    "プロセス指標(レビュー)_指摘件数_(件)": 1.8133333333,
    "レビュー_工数比率_(%)": 0.2223330212,
    "成果物作成1人月あたり_回数_(回)": 117.3774406564,
    "成果物作成1人月あたり_投下工数_工数(人時)": 35.5732833846,
    "成果物作成1人月あたり_指摘件数_(件)": 41.6435078658,
    "1,000文字あたり_回数_(回)": 1.8954606977,
    "1,000文字あたり_投下工数_工数(人時)": 0.4636316617,
    "1,000文字あたり_指摘件数_(件)": 0.2306109215,
    "1ページあたり_回数_(回)": 0.122584507,
    "投下工数_工数(人時)": 0.1793916569,
    "指摘件数_(件)": 0.1597861159,
    "レビュー1人月あたり_指摘件数_(件)": 151.6166197972
}
